pre/0.html	
pre/1.html	app=2
pre/2.html	app=3
pre/3.html	app=3&gens=1%201%200%201%0A1%200%202%201
pre/4.html	app=3&gens=1%202%200%201%0A1%200%202%201
pre/5.html	app=3&gens=1%201%200%201%0A-5%20-1%2011%202%0A-4%201%2011%20-3%0A-3%201%2011%20-4%0A-2%20-1%2011%205%0A3%201%2011%204%0A4%201%2011%203
pre/6.html	app=3&gens=2%20-1%201%200%0A0%20-1%201%20-2%0A-1%20-2%201%201%0A-1%20-1%203%202
pre/7.html	n=2
pre/8.html	n=3
pre/9.html	n=4
pre/10.html	n=5
pre/11.html	n=6
pre/12.html	n=7
pre/13.html	n=8
pre/14.html	n=9
pre/15.html	n=10
pre/16.html	n=11
pre/17.html	n=12
pre/18.html	g1=G1&n=2
pre/19.html	g1=G1&n=3
pre/20.html	g1=G1&n=4
pre/21.html	g1=G1&n=5
pre/22.html	g1=G1&n=6
pre/23.html	g1=G&n=2
pre/24.html	g1=G&n=3
pre/25.html	g1=G&n=4
pre/26.html	g1=Gu0&n=2
pre/27.html	g1=Gu0&n=3
pre/28.html	g1=Gu0&n=4
pre/29.html	g1=Gu1&n=2
pre/30.html	g1=Gu1&n=3
pre/31.html	g1=Gu1&n=4
